text|date
Painted Phases- Why Do I Feel This Way https://t.co/vQGc6yh6Ym via @YouTube  #synthpatcher #liveproduction #minimal #synthpop #synthpopmusic #live #electronicmusic #musicianlife #producerlife #quarantine #synths #synthesizer #arturiakeysteppro #korgmonologue #korgminilogue #Logic|2021-01-10 23:58:46
"Excited to share this item from my #etsy shop: Will You Be My Quarantine? #pearls #hearts #bemyvalentine #valentinesday #handmade #custommade #quarantine #greetingcard #smallbusiness https://t.co/XuIuaaTkrn
#supportsmallbusiness #etsyfinds #jensendlessoccasions #etsyshop #etsy https://t.co/FMGIGQPKxX"|2021-01-10 23:52:58
"Okay so this year is a year for completing games in your ""backlog""!  If you're tagged, post 4 games that are in your backlog THAT YOU HAVE BARELY TOUCHED YET! #2021 #completionist #Nintendo #Quarantine #challenge #backlog https://t.co/V7qVEXIASz"|2021-01-10 23:42:04
#ThingsToDo during the #CoronaVirus #Quarantine. Number 2.  Re-landscape your backyard by trimming your shrubs into cool looking animals! https://t.co/tWDzIOwDJm|2021-01-10 23:41:00
#Scotland is imposing mandatory quarantine for all passengers arrivals from the #UAE  from 4am Mon (Jan 11). Arriving passengers since Jan 3 are also being asked to isolate for 10 days, from the date they arrived back to Scotland #Dubai  #celtic #CelticFC #COVID19 #Quarantine https://t.co/bLvVJZeXoU|2021-01-10 23:38:13
"ğŸŒ¸âœ‹ğŸŒ¼ğŸ˜·ğŸ’®ğŸ‘ğŸŒ¸ğŸ˜·ğŸŒ¼âœ‹ğŸ’®
#facemasks #facemasks4all
#shoppingonline #gifts #healthandsafety #onlineshopping #socialdistancing #Quarantine
CDC recommends the use of cloth face coverings to supplement social distancing in fight against spread of  #covid19
https://t.co/U3PLC00eep https://t.co/TiVCrNRpSd"|2021-01-10 23:35:04
Missing my hair dresser more than ever ğŸ˜­ğŸ˜‚ #quarantine #lockdown|2021-01-10 23:34:50
"Sex and the city movies' weekend and yes It could get worse 

#sanity
#Quarantine"|2021-01-10 23:31:03
"ğŸŒ¸âœ‹ğŸŒ¼ğŸ˜·ğŸ’®ğŸ‘ğŸŒ¸ğŸ˜·ğŸŒ¼âœ‹ğŸ’®
#facemasks #facemasks4all
#gifts #shoppingonline #healthandsafety#onlineshopping #socialdistancing #Quarantine
CDC recommends the use of cloth face coverings to supplement social distancing in fight against spread of  #covid19
https://t.co/U3PLC00eep https://t.co/XXjWXv69aL"|2021-01-10 23:20:04
"What is Up My Friends!
â €
Happy Sunday everyone. Please remember to stay safe and sound out there. If you need to travel always use your AIRFORCE one Z travel suit

#robfury #travel #suit #quarantine #mode #clothing #travelsuit #recyclable #stylish #losangeles #california #socal https://t.co/LxD3JypiZZ"|2021-01-10 23:18:14
When mom and dad are fighting over who will get more clout over the same joke while I blackout try to watch star wars for the 12th time just so Disney+ is worth it. @danadonly @_RobertSchultz #quarantine #life https://t.co/KYRcYIOPtV|2021-01-10 23:13:26
Daesang Corp, South Korea's top kimchi producer, said it has temporarily suspended online sales because of the cabbage shortfall. https://t.co/zazaSuWump via @stcom #Quarantine #Retailer|2021-01-10 23:09:11
"Can you and your team beat the Wisecracker at his own game?
Buy tickets online or play virtually!
.
#EscapeRoom #EscapeGame #VirtualEscapeRoom #Puzzles
#Games #FunThingsToDo #Quarantine #Comedy #Joker #WisecracksEscapeRoom #ThingsToDo #ThingsToDoInAlliance #Jokes #Funny #LOL https://t.co/JVplHGjijg"|2021-01-10 23:00:33
"It's time for your monthly ration of QuaranTOON #comedy!
https://t.co/a1vGkxgpdy

#pandemic #quarantine #CTcomedy #coronavirus #animation #cartoon"|2021-01-10 22:48:33
Update 10th Jan 2021 @ 22:45 hrs UTC: Coronavirus Confirmed Cases and Deaths by Country, Territory, or Conveyance. Subject To Change: #coronavirus #COVID19 #VUI20201201 #pandemic #quarantine #GlobalEmergency #HealthEmergency https://t.co/dkR8QoTeP6|2021-01-10 22:48:20
"A visual representation of what we will all be doing when quarantine is over

#MemphisZoo #HugsAllAround #Hugs #Memphis #Zoo #Quarantine #SocialDistancing #Distance #Meerkat #Friends https://t.co/41wJhLyLuB"|2021-01-10 22:45:04
Being single again is not that bad. The sad thing is that now men are not what they used to be three years ago. The have forgotten how to flirt. Please remember again that we women appreciate a good compliment. #flirt #compliment  #Quarantine|2021-01-10 22:44:02
#ThingsToDo during the #CoronaVirus #Quarantine. Number 1.  Balance a sewing table. https://t.co/5vuPlvxnRv|2021-01-10 22:41:00
"BBQ night at home!!! 
#Quarantine https://t.co/WCxaexRXmF"|2021-01-10 22:36:41
And on @BBCScotland they've just said #Dubai is on the #quarantine list from 4am tomorrow AND that applies to those who've arrived since Jan 3rd so does that apply to #CelticFâ“Or is the #Hibs game on tomorrowâ“Bloody joke of a country. ğŸ˜¡#covid19 WHAT #lockdown https://t.co/tSY5ULOACj|2021-01-10 22:34:25
I might NEVER eat OUT again SEAFOOD #shorts https://t.co/eV1yfOm3fT via @YouTube #seafood #btdllc #YouTuber  #cooking #Quarantine|2021-01-10 22:32:42
"Great morning discussions &amp; news on @abcnews @RNBreakfast @RadioNational with @sallyjsara this morning. 

Very pleased to hear questions &amp; discussion about strengthening Qld ğŸ¨#quarantine for all workers. Needs to be across ğŸ‡¦ğŸ‡ºItâ€™s about looking after &amp; protecting all. ThanksğŸ™ğŸ½ https://t.co/JzimL7Fhor"|2021-01-10 22:28:30
"Sims didn't go as planned. Take 2: The return to Rainbow Six Siege

#RainbowSixSiege  #TwitchTV #twitchstreamer #SmallStreamersConnect #SmallStreamerCommunity #smallstreamer #SundayStream #livestream #sundayscaries #Quarantine 

https://t.co/fdU2Y4wMiy"|2021-01-10 22:25:19
"ğŸ‘‡ğŸ¼ğŸ§µ @suss_mark 

We must strengthen ğŸ¨#Quarantine â•ğŸ¥IPC ğŸ‡¦ğŸ‡ºwide with #airborne fit tested N95s &amp; #PPE 

Also need controls like #ventilation improvements so we can avoid ğŸ¦ breaches â•prevent lockdowns

ğŸ‡¦ğŸ‡ºgeneral public measures in hot zones are strong. Letâ€™s strengthen ğŸ¨â•ğŸ¥ https://t.co/V2KuVZVAKc https://t.co/uEJV9maOOv"|2021-01-10 22:24:25
"I wish I was as productive during #Quarantine as @OfficialKat is on Instagram. 
  Each of her stories Iâ€™m like...how are NOT exhausted?! Also, that vegetable ğŸ… garden is the ğŸ’£"|2021-01-10 22:19:50
"#genx learned everything we need to know about #quarantine from #BevisandButthead:

1.Stay inside
https://t.co/VVlbmf2AET TV
3.Rock out 
https://t.co/k9nqQcns6E nachos https://t.co/58AthMxjDi"|2021-01-10 22:16:27
Itâ€™s one of my closest friendâ€™s birthday. So made choc cupcakes for her ğŸ¤— my decorating is bleh but the smell fills up the kitchen ğŸ˜ #birthday #quarantine #socialdistance #happybirthday #flamingo #palmtrees #latina #cupcakes #dessert #sunday #weekend #kawaii https://t.co/chzBr2W7Qx|2021-01-10 22:12:42
"Great morning discussions and news on @abcnews @RNBreakfast @RadioNational with @sallyjsara this morning. 

Very pleased to hear questions and discussion about strengthening Queensland ğŸ¨#quarantine for all workers.

Thank you ğŸ™ğŸ½ https://t.co/Tz02ygumQU"|2021-01-10 22:09:48
2021 #2 / #quarantine #jigsawpuzzle #17 begins with a picture of my set up https://t.co/AULkjPOush|2021-01-10 22:06:18
"Sunday blues beaten with masala chai and homemade saffron biscuits (biskÅ«t in desi!) from @Asma_KhanLDNâ€™s @Darjeelingldn
.
.
.
#desi #chai #masalachai #bombaysandwich #gharkakhana #sunday #sundaze #quarantine #quarantinelife #lockdown #lockdownlife #lockdowndiaries [1/4] https://t.co/wNVC71Q2K2"|2021-01-10 22:01:00
#Checkout this #new #spiral #notebook #fineartamerica #love #instagram #covid #like #follow #fashion #art #coronavirus #newyear #o #a #life #happy #quarantine #k #happynewyear #stayhome #s #new #style #spring #summer #likeforlikes #corona #nature #bhfyp https://t.co/coxjLYVX8N|2021-01-10 22:00:58
"ğŸ¶ But just be careful what you wish for ğŸ¶

Lots of live LOG out there, just not the songs I chose...oops:
https://t.co/vHAxPhOk6K

#Metal #HeavyMetal #Rock #LOG #DaList #Playlists #CovidPlaylist #QuarantinePlaylist #Music #GoodTunes #Playlist #QuarantineLife #Quarantine https://t.co/Ih6ruiqNmV"|2021-01-10 22:00:07
"I don't understand art. 

https://t.co/s1nPaqg4Dw

#COVID19 #crazyshit #nocontext #Quarantine #GoingCrazy @RoyalOperaHouse @jasonsfolly @goranvisnjic #Whyyyyy #CapitolRiot #shostakovich"|2021-01-10 21:57:57
"Thank you to everyone for your feedback! 

Replay: https://t.co/OIGeM1la23

#streamyard #livestream #live #twitch #music #livestreaming #livemusic #youtube #streaming #dj #stream #streamer #gaming #twitchstreamer  #gamer #twitchtv #covid #facebooklive #quarantine https://t.co/RfQCmvnIwC"|2021-01-10 21:54:23
"Big changes are afoot in the Floof Nest!! Join our server to witness ""purrfection"" not really! No one's perfect, but we are changing some vital parts of our server!! #furry #Discord #Quarantine #roleplaying #chat"|2021-01-10 21:52:19
Do Try This At Home during these challenging times. #Quarantine baking= #sanity-saving. @DoctorChrisVT @xandvt https://t.co/btumE6oFqy|2021-01-10 21:48:34
Aww I love when my children want to help me cook dinner lol this #Quarantine has kids acting differentlyğŸ‘€ğŸ‘€|2021-01-10 21:46:42
Iâ€™m going for a 0-3 Hibs win tomorrow night...#quarantine #forfeit #roonye|2021-01-10 21:45:22
@matthewgendreau @Alex__Schiffer Come back here in 10 days I wanna have a good laugh #QUARANTINE|2021-01-10 21:45:07
@stephlgreen tells us how to stay #glam during the ongoing pandemic: https://t.co/aYxR3u9zQV #quarantine #COVID|2021-01-10 21:45:04
@Target after 10 months of working from home, I know what I look like, you donâ€™t need to sell me a potato sack ğŸ˜’ğŸ¥” #Target #targetstyle #potato #potatosack #pandemic #pandemicstyle #pandemiclife #Quarantine #QuarentineLife #amish #blessedbethefruit #handmaid https://t.co/9HtS7PAogi|2021-01-10 21:42:33
#ThingsToDo during the #CoronaVirus #Quarantine. Number 81.  Have a power washer?  Why not jazz up your driveway by adding just a little time?  (Cheddar Gadgets) https://t.co/JzFWPnEMeb|2021-01-10 21:41:00
"ğŸŒ¸âœ‹ğŸŒ¼ğŸ˜·ğŸ’®ğŸ‘ğŸŒ¸ğŸ˜·ğŸŒ¼âœ‹ğŸ’®
#facemasks #facemasks4all
#gifts #shoppingonline #Quarantine #healthandsafety #onlineshopping #socialdistancing
CDC recommends the use of cloth face coverings to supplement social distancing in fight against spread of  #covid19
https://t.co/jw6wmOOwFG https://t.co/htyWi2C6SX"|2021-01-10 21:33:04
"ğŸŒ¸âœ‹ğŸŒ¼ğŸ˜·ğŸ’®ğŸ‘ğŸŒ¸ğŸ˜·ğŸŒ¼âœ‹ğŸ’®
#facemasks #facemasks4all
#gifts #Quarantine #shoppingonline #healthandsafety #onlineshopping #socialdistancing
CDC recommends the use of cloth face coverings to supplement social distancing in fight against spread of  #covid19
https://t.co/U3PLC00eep https://t.co/AHQlTYCoP0"|2021-01-10 21:32:04
As of now , my oldest son,  myself and my mother are #positive #COVID19 . My 10 yr old is #negative. Not sure how.  Awaiting my daughter's results.  We are #Quarantine &amp; groceries low. #PUA hasn't released.  Papa is still #admitted.|2021-01-10 21:25:34
"Can you adjust the pedals please? ğŸ˜‚

#bike #finch #exercise #bird #saddle #nature #quarantine #stlucia #saintlucia @7theharbour @ #7 The Harbour https://t.co/SB0qEMh2uY"|2021-01-10 21:25:21
Yeah I get that. It didnâ€™t break any of your guidelines. So why was it rejected? #amazon #Quarantine #shopping #canopy https://t.co/UK8dGeX6a0|2021-01-10 21:22:15
Puzzles are fun they all said.....ğŸ˜¤ğŸ˜³âŒ #quarantine https://t.co/A11rWOcI3f|2021-01-10 21:13:22
"Stay safe!

#lockdown #covid #quarantine #stayhome #coronavirus #staysafe #corona #love #india #instagood #instagram #photography #memes #socialdistancing #quarantinelife #stayathome https://t.co/p9QcewoSMF"|2021-01-10 21:12:22
"Popping my Sims cherry...Have no idea what to expect but should be an adventure

#Sims4 #Twitch #TwitchTV #twitchstreamer #SmallStreamersConnect #SmallStreamerCommunity #smallstreamer #SundayStream #livestream #sundayscaries #Quarantine 

https://t.co/fdU2Y4wMiy"|2021-01-10 21:09:44
Even though I miss the gym, home workouts is keeping me sharp ğŸ’ªğŸ½ğŸ”¥ #Motivation #fitness #Quarantine|2021-01-10 21:08:57
"Gave Warzone on Cod mobile a tryğŸ˜‚ MY first game consists of13 kills and a WinğŸ‘Œ  

#Quarantine #cod #codmobile https://t.co/2H7iWuek9T"|2021-01-10 21:08:43
#HappySundayğŸ–¤we are just relaxing today #family #dinner #smile #enjoy #coffee #cappuccino #groupeuroprojects #lovesundays #family #familytime #blessed #happy #kitchen #relax #miami  #happyweekend #enjoy #enjoylife #staysafe #mask #up #quarantine #quarantinelife #lovewhatyoudo https://t.co/lb0OL57FV2|2021-01-10 21:05:20
"You might as well dance as a family during quarantine.

#letsdance #djs #djbiddy #dji #djset #quarantine #music #Family #dance #djset #djmusic #djulture #familydance #dancer #djlife https://t.co/ZjTrgyjaCi"|2021-01-10 21:05:03
"ğŸŒ¸ğŸ¦ğŸŒ¼ğŸ§©ğŸ’®ğŸ ğŸ¦ğŸŒ¸ğŸ§©ğŸŒ¼ğŸ ğŸ’®
Over 100 Colorful Puzzles each available in 5 sizes for the entire family
#gifts #shoppingonline #quarantine #puzzle #games #onlineshopping
https://t.co/rocqOcwySa https://t.co/HSBAUCIH8d"|2021-01-10 21:02:05
"#COVID 
Covid-19 is out here either solidifying relationships, or letting you know this ainâ€™t the one.

#Quarantine pros and cons"|2021-01-10 20:58:24
"It's been far too long. 

#PONDHOCKEY #dallasstars #hockey #nhl #iceskating #frozenpond #colorado #frozen #skating #stick #puck #hockeygirl #ice #quarantine #covid #socialdistancing @nhl @dallasstars @hosenhoffen https://t.co/nFUYTPpnOH"|2021-01-10 20:56:41
"#30 - Big Expectations 
#Quarantine #comicstrip #JoeBiden #KamalaHarris #2021 #dumpsterfire https://t.co/5vead2SAbC"|2021-01-10 20:48:19
"Nice summary here regarding the difference between:

#quarantine (for those NOT YET tested positive) - contacts, travellers, etc.

and

#isolation (for those already known to be COVID positive)

Also on differences in length of time, testing regime (and the new COVID variant)

ğŸ‘‡ https://t.co/LxoslwCenA"|2021-01-10 20:40:59
"Delivery guy: â€œHey howâ€™s it going?â€
Me: â€œHey howâ€™s it going?â€
*Awkward pause*

Delivery guy: â€œhereâ€™s your order, then.â€

I donâ€™t know how to talks to ppl anymore ğŸ™ƒ #quarantine"|2021-01-10 20:37:58
Sara just walked out in a Snorlax onesie. Couldn't be prouder. #quarantine @ Midland, North Carolina https://t.co/YtMjKseUir|2021-01-10 20:37:17
1 Photo/ Day 165: Crazy sky over Kinsale! #quarantine #ig_cork #daily_ireland #kinsale #loves_ireland @ Kinsale, Ireland https://t.co/USisvWliDB|2021-01-10 20:35:37
Another 10km in #quarantine . #staypositive #stayhealthy  #staymotivated https://t.co/9LXK72NUZq|2021-01-10 20:27:48
"Some 1,289 Israeli soldiers and workers in the #IDF were infected with the novel #coronavirus and 11,024 were in #quarantine as of Sunday morning.

#Israel #Jewish #COVID #WearAMask https://t.co/ds3deQrliW"|2021-01-10 20:23:54
get your diet working for you - setting out to follow through with a dietary plan can teach us many valuable lessons - find Self Improvement info at https://t.co/bCbpRTb3Xs #Quarantine https://t.co/i68aGMEkTv https://t.co/8Weht2UQkZ|2021-01-10 20:20:42
Quarantina called and wanted her money ğŸ’â€â™€ï¸ #quarantinelife #billbillsbills #memesbymarife #quarantine @ Fountainebleau Blvd https://t.co/akLmXsmQhG|2021-01-10 20:20:25
"0 to ğŸ’¯ real quick!
#teslafamily  #model3 #2021 #quarantine #pearlwhite #tesla https://t.co/ozcFIog9Hq"|2021-01-10 20:17:37
"The same place different days different weather ğŸ¥³.
.
.
.
,
.
#QuarantineLife #Quarantine #follobackinstantly #sundayvibes #SundayFunday https://t.co/os32722tno"|2021-01-10 20:13:15
"all of our representatives are currently busy

#waitontheline #onhold #2020 #covid #pandemic #quarantine #Armwrestling #armwrestlingğŸ’ª https://t.co/80ix7jpjuc"|2021-01-10 20:10:47
"""We would never have called for both quarantine and pre-departure testing""

Heathrow chief executive John Holland-Kaye says the government should move towards ""a global standard for just the pre-departure testing""

#COVID19 #Quarantine #testing https://t.co/ZSQO4trhUo"|2021-01-10 20:09:02
"""The City Is Mine"" by West Haven Blast #westhavenblast #newmusic #weekendvibes #np #streaming #Quarantine @RBMA
https://t.co/PstCtZi18H"|2021-01-10 20:01:42
"Mindset Books: https://t.co/4KD4HfhL0q

Follow &gt; @MindMastership

#productivityhacks #businessgrowth #currentreads #quarantinereads #quarantine #selfquarantine #quarantineandchill #quarantined #selfisolate #socialhacks #workingfromhomehacks #dailyhacks #lifehacks #tippsandhacks https://t.co/kkgs1o9HkW"|2021-01-10 20:00:19
"Swear this has to be nearly every convo since #quarantine has started...
No plans. No vibes. Just lies ğŸ˜‚ https://t.co/cAwEqlU19H"|2021-01-10 19:54:13
The #Pandemic birthed a tradition requires to preserve everyoneâ€™s #MentalHealth during #Quarantine. I make a charcuterie board and soup that simmers all day. Then everyone is on their own and does what they want to fill up heart cups. We call it Sunday Funday. #DouglasFamily|2021-01-10 19:48:01
The Ultimate Bagel Board -- #urbancookery #brunch #bagels #quarantine https://t.co/pupTvRzEFF https://t.co/JzoKyijK1l|2021-01-10 19:44:42
"A friend just asked if I planned to use my time in quarantine to write my next book.

I replied, ""I'm currently watching 17 Again.""

#Quarantine #COVID19 https://t.co/9jz0mJx0ac"|2021-01-10 19:44:38
Extra Bonus Fun Fact: Although he would prefer a pandemic-free world, Smooth perpetually trumpets to his son that their lives could be worse and that they will persevere together.) #family #together #lockdown #homebound #quarantine #pandemic #hanginthere #lookfortherainbow https://t.co/g5YdF314eG|2021-01-10 19:27:55
"Costume for your cat ğŸ±
Check out:
https://t.co/JmGxYqM9sC
ğŸ±ğŸ±ğŸ±ğŸ±ğŸ±ğŸ±ğŸ±ğŸ±ğŸ±
#cats #CatsOfTwitter #Caturday #CatsOnTwitter #catsofinstagram #CatholicTwitter #CuteCat #cute #funny #funnycats #cosplay #lockdown #QuarantineLife #Quarantine #QuarantineCats #cutenessOVERLOAD https://t.co/LRrqwO1n9F"|2021-01-10 19:27:08
(Bonus Fun Fact: In his less-sunny moments, Smooth acknowledges that feelings of isolation, reduced income, and quality of life erosion are profound problems caused by being bade homebound. #family #together #lockdown #homebound #quarantine #pandemic #sanity #lookfortherainbow https://t.co/xcLuaqJS4T|2021-01-10 19:26:59
"@MarylouiseMcla1 Great news ğŸŒŸ

Would be even better if workers in ğŸ¨#quarantine âœˆï¸&amp; all #healthcare settings had high risk work #PPE with fit-tested N95s.

Would be fabulous if #ventilation &amp; other #airborne controls were addressed in all ğŸ¨â•ğŸ¥to protect workers â•all Australians ğŸ‡¦ğŸ‡º#COVID19Aus https://t.co/CHnaNF1Roo"|2021-01-10 19:25:37
"Costume for your cat ğŸ±
Check out:
https://t.co/JmGxYqM9sC
ğŸ±ğŸ±ğŸ±ğŸ±ğŸ±ğŸ±ğŸ±ğŸ±ğŸ±
#cats #CatsOfTwitter #Caturday #CatsOnTwitter #catsofinstagram #CatholicTwitter #CuteCat #cute #funny #funnycats #cosplay #lockdown #QuarantineLife #Quarantine #QuarantineCats #cutenessOVERLOAD https://t.co/H1Qgra3fqh"|2021-01-10 19:21:49
"âœ¨~California dreaming~âœ¨
#california #dreaming #aesthetic #stayhome #sun #fyp #for #you #hollywood #america #actress #quarantine #enviromentallyfriendly #quarantine #beauty #feminism #feminist #bodypositive #activist #veganactivist #activism #nature #quote https://t.co/mcNwgibH51"|2021-01-10 19:19:37
"Costume for your cat ğŸ±
Check out:
https://t.co/JmGxYqM9sC
ğŸ±ğŸ±ğŸ±ğŸ±ğŸ±ğŸ±ğŸ±ğŸ±ğŸ±
#cats #CatsOfTwitter #Caturday #CatsOnTwitter #catsofinstagram #CatholicTwitter #CuteCat #cute #funny #funnycats #cosplay #lockdown #QuarantineLife #Quarantine #QuarantineCats #cutenessOVERLOAD https://t.co/ylcWZKlmgI"|2021-01-10 19:16:53
"Costume for your cat ğŸ±
Check out:
https://t.co/JmGxYqM9sC
ğŸ±ğŸ±ğŸ±ğŸ±ğŸ±ğŸ±ğŸ±ğŸ±ğŸ±
#cats #CatsOfTwitter #Caturday #CatsOnTwitter #catsofinstagram #CatholicTwitter #CuteCat #cute #funny #funnycats #cosplay #lockdown #QuarantineLife #Quarantine #QuarantineCats #cutenessOVERLOAD https://t.co/fDiN1wvh5Y"|2021-01-10 19:16:26
"Costume for your cat ğŸ±
Check out:
https://t.co/JmGxYqM9sC
ğŸ±ğŸ±ğŸ±ğŸ±ğŸ±ğŸ±ğŸ±ğŸ±ğŸ±
#cats #CatsOfTwitter #Caturday #CatsOnTwitter #catsofinstagram #CatholicTwitter #CuteCat #cute #funny #funnycats #cosplay #lockdown #QuarantineLife #Quarantine #QuarantineCats #cutenessOVERLOAD https://t.co/ES8fJ98uAk"|2021-01-10 19:14:58
"tiny pandemic poems:
2021 #16

shimmying across 
the kitchen floor
canâ€™t-stop-moving 
music making my world 
a better place
from the inside out 

Cinse Bonino

#coping #pandemic #quarantine #poetry #blacklivesmatter #life #election2020 #music #dancing #hope #bethelight"|2021-01-10 19:08:19
Feeling extremely proud of myself right now! ğŸ¥–ğŸ‘©ğŸ»â€ğŸ³ #Quarantine #breadmaking https://t.co/Fepub0YqIn|2021-01-10 19:07:33
#London and the #Southeastuk is a #COVID19 cesspit fueled by #ignorance #denial and #elitism and should be #Quarantine by the military? @FreeNorthNow https://t.co/4PsxXsC3V4|2021-01-10 19:06:56
ğŸ“· 2 upcoming reviews from blues bytes magazine!!!!!!! #producer #pk #creativity #blues #hits #happyholidays #hiphop #hiphopculture #soul #stevie #fusion #ready #quarantine https://t.co/8vPD712i4v https://t.co/CutYUZn2lg|2021-01-10 19:00:16
"2 upcoming reviews from blues bytes magazine!!!!!!! 

#producer #pk #creativity #blues #hits #happyholidays #hiphop #hiphopculture #soul #stevie #fusion #ready #quarantine https://t.co/yMseIBNego"|2021-01-10 19:00:14
"The extraordinary of the ordinary

#Home #Toaster #Electricity #Resistance
#Sunday #mexicocity #stayhome #quarantine #Light #shadow #phtography  #pomelo #vintage #bordeaux #brekfast https://t.co/fn38iz0jrF"|2021-01-10 18:48:30
immune support combo pandemic pack https://t.co/32qzI84cHN #prepper #virus #quarantine #flu|2021-01-10 18:46:38
"I think I might actually have the knees to sustain the buss it challenge. What I donâ€™t have is the body to fit into my cute clothes ğŸ˜‚ or the desire to beat my face and do this hair! #Quarantine 

But yâ€™all CUTE! And will continue to get my likes! 

Sincerely, 
-A Fan"|2021-01-10 18:43:51
@JenniferJJacobs @MarioDParker @josh_wingrove Hey any remaining WH staff- why donâ€™t you just claim #COVID19 exposure so you can just #Quarantine until inauguration? Then you can help your country for once instead of enabling this #Traitor you call #POTUS|2021-01-10 18:42:30
"@globalnewsto @fordnation, I hope you understand that #curfew for #Ontario, in addition to already proven meaningles #ontariolockdown and complete disregard of #Quarantine restrictions by top #province officials, will be a political death sentence for the next #election.
#COVID19Ontario"|2021-01-10 18:41:02
@natemax @donwinslow I think any remaining WH staff should claim that theyâ€™ve been exposed to somebody with #COVID Covid so they can all just #quarantine until the inauguration and stifle any more damage #Trump tries to do. #RemoveTrumpNow|2021-01-10 18:38:20
"Oh Emma,  this resonates with me, but go west..love  Quebec...but  ğŸ™ƒ I here BC is niceğŸ¤£ğŸ¥°#usagonewild #quarantine #lawandorder
#lockdown #covidiots #canada https://t.co/zTfK3RrloV"|2021-01-10 18:35:16
Following a local uptick in #COVID19 cases, hundreds of villagers in northern #Chinaâ€™s #Hebei Province were ordered by #CCP authorities to isolate themselves at 3 schools that were converted into #Quarantine centers. https://t.co/fl4h9Ce114|2021-01-10 18:35:04
14 FREE #SVG designs that are hilarious ğŸ˜‚ #quarantine quotes! https://t.co/37J2ELduGj|2021-01-10 18:32:13
"Homer Simpson quarantined. Oil painting.
#covid #corona #covid19 #virus #pandemic #socialdistancing #lockdown #stayhome #isolation #quarantine #homersimpson #thesimpsons #simpsons #artwork #illustration #illustrator #instaart #instadaily #instalove #waf #wafgang #withoutaface https://t.co/URZpNdV01M"|2021-01-10 18:31:12
"The Thought of You [@onealexvon]

https://t.co/HlbXRZUY1u 

#spokenword #sing #poem #music #love #poetry #beats #yoga #emotion #poet #gay #writer #countrymusic #song #hope #words #songwriter #folkmusic #romance #trust #quarantine #song #soul #faith #peace #peace #lyrics #quote https://t.co/JbuvYiwS61"|2021-01-10 18:30:33
"I just finished watching all 57 of the Disney Classics during isolation due to me having Covid. Now Iâ€™m moving onto the Pixar movies. I only have four days left of isolation.
#Disney #Pixar #DisneyPlus #Movies #COVID19 #coronavirus #coronavirusuk #COVID #Isolation #Quarantine https://t.co/I8Tkn2GfRR"|2021-01-10 18:25:35
"Looking forward to adventuring further then our doorstep ğŸ‰ Just a few more days of quarantine and we will be able to explore our new home of Guernsey! ğŸ˜ It's going to be a shock when I have to shower and put makeup on every day again ğŸ˜‚ 
.
#quarantineâ€¦ https://t.co/xxQ02zcZvk https://t.co/Y4lmXkrUqC"|2021-01-10 18:23:39
"""The City Is Mine"" by West Haven Blast #westhavenblast #newmusic #mondaythoughts #np #streaming #Quarantine #SundayThoughts
https://t.co/PstCtZi18H"|2021-01-10 18:21:28
The introvertâ€™s family quarantine boundary lines. #knowthyself #leqvemealone #quarantine #familytime #iloveyoubutfromoverthere #personaltime #introvert #lockdowncommunication https://t.co/zYdlx8OWOy|2021-01-10 18:20:20
#saturdayvibes #quarantine â€œWhatâ€™s in this HennyğŸ¥ƒ, I feel sexy AFâ€ğŸ¤£ @ Quarantine NYC https://t.co/qeydLE5ROq|2021-01-10 18:19:52
"A #winter in #quarantine doesn't have to be boring! @PGParksandRec is offering tons of fun and safe events to keep you #active and #motivated over the next several weeks. 

Check them out at https://t.co/p6z9DKWivU"|2021-01-10 18:17:00
"The Plot Against America is ""an alternate American history told through the eyes of a working-class Jewish family New Jersey, as they watch the political rise of Charles Lindbergh, the new president who turns the nation toward fascism.""
Must watch #quarantine
#COVID19 #Politics https://t.co/9kc3gMM3ei"|2021-01-10 18:09:52
"Ole music church Sunday's, extra crunchy version.

Tried hard for a live to no avail, in for it's title(ish):
https://t.co/d2r7fg556N

#Metal #HeavyMetal #HardRock #LOG #DaList #Playlists #CovidPlaylist #QuarantinePlaylist #Music #GoodTunes #Playlist #QuarantineLife #Quarantine https://t.co/0NSqlbzdF8"|2021-01-10 18:05:51
"The latest guidelines apply to any close contact case who has interacted with a confirmed COVID-19 individual.

https://t.co/mOZGHi0U1w

#dubai #UAE #Quarantine"|2021-01-10 18:00:00
Even as a social recluse, this second set of quarantine is being hard.  Doing it because I don't want to accidentally kill someone, but it really sucks #quarantine|2021-01-10 17:57:18
Listening to https://t.co/1q8o5lq7WQ live while I stay warm and crochet. Housework is done. #quarantine|2021-01-10 17:46:24
Be my Quarantine. The 2021 Valentine wish! #ValentinesDay #bemine #quarantine #RBandME:  https://t.co/z3QNpuDotH #findyourthing #redbubble|2021-01-10 17:46:18
My hopes&amp;dreams have become so simple. I just want my family to be healthy&amp;to take my baby to experience everything the world has to offer. #momlife #pandemic #quarantine #firsttimemom|2021-01-10 17:39:54
"Even more disturbing when I called to ask ask help your staff suggested  ""asking a friend to order for you""...which is impossible if you don't have a friend in your new country - and you can't make friends even with neighbors because #Quarantine. (3/x)"|2021-01-10 17:27:31
"A little bit of hope for 2021. Despite a pandemic and social strife and injustice. We All Will Survive!!
https://t.co/SKa5yp85rP
#NewYear2021 #Quarantine #Capitol #Music https://t.co/FDcUdHj9Ty"|2021-01-10 17:25:37
If I see u out after 8pm ur lookin at a STIFF penalty...ğŸ‘®ğŸ»â€â™‚ï¸ #curfew #montreal  #lockdown #day1 #weird #newnormal #quarantine https://t.co/JKbA5txZer|2021-01-10 17:14:30
"What are you looking forward to the most this year? #growtogether #refscorner #respectTheCall 
.
.
.
.
#refereegear #refgear #umpire #umpattire #ncaa #ncaaref #quarantine #fifaofficial #ncaaumpire #nbaref #wnbaref https://t.co/7R9JTfpPES"|2021-01-10 17:08:59
"â€œDelivering The Highest Level Of Serviceâ€
https://t.co/FAEkUqLnGk
#Health #Wellness #Relax #The1Delivery #ConcordCa #ContraCosta #EastBay #California #Covid19 #Quarantine https://t.co/ZNI5WU54VQ"|2021-01-10 17:08:42
ALL SCHOOLS - public, private, charter, religious - should be required by Federal Law to collect current contact information for all staff, faculty and students on a quarterly basis. The number of students that we can't find to notify and put on #quarantine is heartbreaking.|2021-01-10 17:06:08
"A local official in #Chinaâ€™s #Shenyang city who handles #Quarantine said that dozens of local quarantine centers were overwhelmed with people who were suspected to have #COVID19.

At least 4 local gov't officials were among those confined, he said. https://t.co/YX9nzggg1Y"|2021-01-10 17:05:17
"ğŸŒ¸âœ‹ğŸŒ¼ğŸ˜·ğŸ’®ğŸ‘ğŸŒ¸ğŸ˜·ğŸŒ¼âœ‹ğŸ’®
#facemasks #facemasks4all
#gifts #shoppingonline #healthandsafety #onlineshopping #socialdistancing #Quarantine
CDC recommends the use of cloth face coverings to supplement social distancing in fight against spread of  #covid19
https://t.co/xgDXTq87iA https://t.co/vIZQzqWWTY"|2021-01-10 17:05:03
"Real life kind of just feels like video games these days!
ğŸŒğŸ•¹, if you could live in any video game what world would it be?ğŸ¤”

#videogames #quarantine #apocalypse #comedy #meme #humour https://t.co/jdqHBydYet"|2021-01-10 16:58:58
"Today I'm sick with #longhaulcovid symptoms for 298 days straight. If you think #quarantine is tough try doing it with daily fevers, nausea, dizziness, and diarrhea all day while your heart does cartwheels and youâ€™re too weak to stand up. Wheeee so fun
#StayHome 
#WearAMask"|2021-01-10 16:58:51
"At least it's a quarantine with a view ğŸ˜

#COVID19 #QuarantineLife #Corona #quarantine https://t.co/lYycOOR8At"|2021-01-10 16:57:44
Stuck at Home? How about a #Puzzle!! Mercari! Napoleon Crossing the Alps Jigsaw Puzzle https://t.co/clFOc9uQCs #Mercari #Christmas #Jigsaw #Puzzle #games #Napoleon #history #home #shelterinplace #quarantine #california #newyork|2021-01-10 16:56:13
"ğŸ’™ğŸ’› I just put in my essential oil order for my boyfriend and I for the month ğŸ™‚ğŸ™‚ğŸ’™ğŸ’›ğŸ™ğŸ‘¬ He keeps the meals cooked, the weed rolled &amp; I keep him active, smelling good &amp; order the @doterra ğŸ˜‚ ğŸ™ğŸ’ŸğŸ˜˜ğŸ’– #Lockdown vibes #Quarantine style all winter
https://t.co/NA6J31SvhH"|2021-01-10 16:55:39
"I need somebody who can love me at my worst.ğŸ˜
#quarantine #stayathome #staysafe #covid19 #photography #vibe #athome  #selfportrait  #philippines  #cebu #pinoy #asianmen #asia #cebuano #pinoymen #altercebu #cebuph #sinulog2021 #sinulog #alter #altermanila #altervisayas #cebuph https://t.co/xkqeCfgDh8"|2021-01-10 16:52:16
THE #MASK GOES OVER YOUR NOSE https://t.co/f0ewoWqgu7 #quarantine https://t.co/ZhBxOonfod|2021-01-10 16:46:03
@lemonadeblunts Need edibles ğŸ­ğŸ¥œand 420 ğŸ˜™ğŸ’¨for quarantine huh? Dm @calikushin420 for online dispensary. All products Lab tested from best Cali dispensaries. Adult use only âš ï¸â‰ï¸Ages 21+ #stonerchick #medicalmarijuana #cbd #quarantine #kush #weed #netflix #memes #dank https://t.co/I5bN8e7Wcx|2021-01-10 16:44:42
"If you are using public transportation or rideshares, make sure to wear a face cover. https://t.co/OB0pm9RiwW
#coronavirus #covid19 #corona #virus #quarantine #socialdistancing #pandemic #graphic #health #publichealth #english #letschat #uwchat https://t.co/64yTNa5wwh"|2021-01-10 16:36:45
"What a beautiful day it is. I can't wait to stay inside again and do nothing!

#California #lockdown #Quarantine"|2021-01-10 16:22:14
".... yet another reason why we should learn from countries which have followed the #ZeroCovid strategy

WTF aren't we using #Quarantine for travellers &amp; #SmartLockdown for #EssentialWorkers ğŸ˜¡ https://t.co/x3n8t9mbWT"|2021-01-10 16:20:49
"Are you unsure about your bodyfat or fitness level?

If you have a minute please check out our Content on our Youtube: Sixpackslim to stay up to date on the Latest and
Top of the chart Products on the market!

Thank you for your time &amp; be an Inspiration this Year:)
#quarantine #1 https://t.co/voT7rfFVh1"|2021-01-10 16:15:17
"Are you unsure about your bodyfat or fitness level?

If you have a minute please check out our Content on our Youtube: Sixpackslim to stay up to date on the Latest and
Top of the chart Products on the market!

Thank you for your time &amp; be an Inspiration this Year:)
#quarantine #1"|2021-01-10 16:14:32
"@mjfit Are you unsure about your bodyfat or fitness level?

If you have a minute please check out our Content on our Youtube: Sixpackslim to stay up to date on the Latest and
Top of the chart Products on the market!

Thank you for your time &amp; be an Inspiration this Year:)
#quarantine #1"|2021-01-10 16:12:46
"@mjfit Are you unsure about your bodyfat or fitness level?

If you have a minute please check out our Content on our Youtube: Sixpackslim to stay up to date on the Latest and
Top of the chart Products on the market!

Thank you for your time &amp; be an Inspiration this Year:)
#quarantine #1"|2021-01-10 16:12:41
"@mjfit Are you unsure about your bodyfat or fitness level?

If you have a minute please check out our Content on our Youtube: Sixpackslim to stay up to date on the Latest and
Top of the chart Products on the market!

Thank you for your time &amp; be an Inspiration this Year:)
#quarantine #1"|2021-01-10 16:12:34
"@mjfit Are you unsure about your bodyfat or fitness level?

If you have a minute please check out our Content on our Youtube: Sixpackslim to stay up to date on the Latest and
Top of the chart Products on the market!

Thank you for your time &amp; be an Inspiration this Year:)
#quarantine #1"|2021-01-10 16:12:01
"@mjfit Are you unsure about your bodyfat or fitness level?

If you have a minute please check out our Content on our Youtube: Sixpackslim to stay up to date on the Latest and
Top of the chart Products on the market!

Thank you for your time &amp; be an Inspiration this Year:)
#quarantine #1"|2021-01-10 16:11:49
"@Veganometry101 Are you unsure about your bodyfat or fitness level?

If you have a minute please check out our Content on our Youtube: Sixpackslim to stay up to date on the Latest and
Top of the chart Products on the market!

Thank you for your time &amp; be an Inspiration this Year:)
#quarantine #1"|2021-01-10 16:11:28
"@koko4ky Are you unsure about your bodyfat or fitness level?

If you have a minute please check out our Content on our Youtube: Sixpackslim to stay up to date on the Latest and
Top of the chart Products on the market!

Thank you for your time &amp; be an Inspiration this Year:)
#quarantine #1"|2021-01-10 16:11:14
"@hautieurs Are you unsure about your bodyfat or fitness level?

If you have a minute please check out our Content on our Youtube: Sixpackslim to stay up to date on the Latest and
Top of the chart Products on the market!

Thank you for your time &amp; be an Inspiration this Year:)
#quarantine #1"|2021-01-10 16:11:00
"@wizkhalifa @steelers Are you unsure about your bodyfat or fitness level?

If you have a minute please check out our Content on our Youtube: Sixpackslim to stay up to date on the Latest and
Top of the chart Products on the market!

Thank you for your time &amp; be an Inspiration this Year:)
#quarantine #1"|2021-01-10 16:10:40
"@RickKingdom @RickKingdom_ Are you unsure about your bodyfat or fitness level?

If you have a minute please check out our Content on our Youtube: Sixpackslim to stay up to date on the Latest and
Top of the chart Products on the market!

Thank you for your time &amp; be an Inspiration this Year:)
#quarantine #1"|2021-01-10 16:10:30
"@cocomilkshak3 Are you unsure about your bodyfat or fitness level?

If you have a minute please check out our Content on our Youtube: Sixpackslim to stay up to date on the Latest and
Top of the chart Products on the market!

Thank you for your time &amp; be an Inspiration this Year:)
#quarantine #1"|2021-01-10 16:10:22
"@benegotherit Are you unsure about your bodyfat or fitness level?

If you have a minute please check out our Content on our Youtube: Sixpackslim to stay up to date on the Latest and
Top of the chart Products on the market!

Thank you for your time &amp; be an Inspiration this Year:)
#quarantine #1"|2021-01-10 16:10:13
"@Kidxfx Are you unsure about your bodyfat or fitness level?

If you have a minute please check out our Content on our Youtube: Sixpackslim to stay up to date on the Latest and
Top of the chart Products on the market!

Thank you for your time &amp; be an Inspiration this Year:)
#quarantine #1"|2021-01-10 16:10:02
"@BEtheBestJJ @BTS_twt Are you unsure about your bodyfat or fitness level?

If you have a minute please check out our Content on our Youtube: Sixpackslim to stay up to date on the Latest and
Top of the chart Products on the market!

Thank you for your time &amp; be an Inspiration this Year:)
#quarantine #1"|2021-01-10 16:09:42
"@devotedfriend72 Are you unsure about your bodyfat or fitness level?

If you have a minute please check out our Content on our Youtube: Sixpackslim to stay up to date on the Latest and
Top of the chart Products on the market!

Thank you for your time &amp; be an Inspiration this Year:)
#quarantine #1"|2021-01-10 16:09:29
"@elonmusk Are you unsure about your bodyfat or fitness level?

If you have a minute please check out our Content on our Youtube: Sixpackslim to stay up to date on the Latest and
Top of the chart Products on the market!

Thank you for your time &amp; be an Inspiration this Year:)
#quarantine #1"|2021-01-10 16:09:10
"@devotedfriend72 Are you unsure about your bodyfat or fitness level?

If you have a minute please check out our Content on our Youtube: Sixpackslim to stay up to date on the Latest and
Top of the chart Products on the market!

Thank you for your time &amp; be an Inspiration this Year:)
#quarantine #1"|2021-01-10 16:09:03
"@_slimcarib Are you unsure about your bodyfat or fitness level?

If you have a minute please check out our Content on our Youtube: Sixpackslim to stay up to date on the Latest and
Top of the chart Products on the market!

Thank you for your time &amp; be an Inspiration this Year:)
#quarantine #1"|2021-01-10 16:08:53
"@WomensFitnessuk Are you unsure about your bodyfat or fitness level?

If you have a minute please check out our Content on our Youtube: Sixpackslim to stay up to date on the Latest and
Top of the chart Products on the market!

Thank you for your time &amp; be an Inspiration this Year:)
#quarantine #1"|2021-01-10 16:08:28
Domains available. DM for details. #quarantine #date #dating #draft #chicago #casino #slot #slots #slotpull #blockchain #domain #domains #sedo #namecheap https://t.co/fhdrRvOnvj|2021-01-10 16:08:11
"@ShaunT Are you unsure about your bodyfat or fitness level?

If you have a minute please check out our Content on our Youtube: Sixpackslim to stay up to date on the Latest and
Top of the chart Products on the market!

Thank you for your time &amp; be an Inspiration this Year:)
#quarantine #1"|2021-01-10 16:08:07
"Delicious AND educational! Check it out! 

#education #learning #learningneverstops #quarantine #QuarantineQuitchen #QuarantineLife #cooking #fun #family #inerde #stem #africa https://t.co/aKaKzmh9hX"|2021-01-10 16:08:00
"@JayFromTGF Are you unsure about your bodyfat or fitness level?

If you have a minute please check out our Content on our Youtube: Sixpackslim to stay up to date on the Latest and
Top of the chart Products on the market!

Thank you for your time &amp; be an Inspiration this Year:)
#quarantine #1"|2021-01-10 16:07:25
"Quarantine Time-pass Games! Cute and neatğŸŒ¹ 

#Quarantine #games #tricks #cute #awesome #smooth #Creative #lockdown https://t.co/Plcklktxz0"|2021-01-10 16:07:21
Domains available. DM for details. #domains #domain #dox #doxx #doxing #ammo #ammunition #Quarantine #crypto #blockchain #btc #shop #casino #chicago #namecheap #sedo #node https://t.co/oxPHHWNJJ3|2021-01-10 16:06:29
I picked up these over the past few weeks, highly recommend if youâ€™re looking for something new to #read #book #learning #quarantine #cool https://t.co/SZOrdxE3Vq|2021-01-10 16:06:15
complete your mission - succeed in your endeavors - find Life Transformation info at https://t.co/bCbpRTb3Xs #Energy #Quarantine https://t.co/2NACDMc2oI https://t.co/B2kj4lGtJy|2021-01-10 16:06:12
Another Color Basic Sets! 15% off All day! #quarantinelife #quarantine #instadaily #instalove #instashop #instaboutique #basicclothing #onlineshop #bigsale #sale #followforfollowback #like @ Meridian, Mississippi https://t.co/1SB2skOK3W|2021-01-10 16:04:59
Back in #quarantine and factory is closed. Factory needs to diversify into essentials services ğŸ˜‚ğŸ—ğŸ¥©ğŸ§‡ #QuarantineLife #BBQ #rotisserie #COVID19 #fundaysunday https://t.co/zU62fAUK7q|2021-01-10 15:59:12
Anyone elseâ€™s days at home just broken up by what room of the house you are in? #Quarantine|2021-01-10 15:50:36
"WEEK 42 OF LOCKDOWN

https://t.co/hmH3s8VzEO

#lockdown #week42 #weekfortytwo #lockdownlife #quarantine #pandemic #lifeduringlockdown #newpost #blogger #lockdownuk #lockdowndiaries #lockdown2021"|2021-01-10 15:49:51
Heal UP! @UrbanPlaybook #staysafe #coronavirus #covid #corona #stayhome #quarantine #lockdown #socialdistancing #pandemic #love #style #travel #life #city #fitness #nature #beauty #fun #smile #lifestyle #freedom #unite #peace #USA #America #Urban #Playbook #UrbanPlaybook #UP https://t.co/9GVWfg8r3i|2021-01-10 15:43:42
"Coming soon two new collections of photography.

#newthings #love #instagram #new #learning #happy #motivation #learn #life #art #quarantine #photography #follow #comingsoon #travel #happiness #instadaily #instagood #handmade #stayhome #smallbusiness #beauty  #changes https://t.co/VV7yBs1tej"|2021-01-10 15:37:42
"Cute &amp; Cheap Date Idea To Do In Quarantine - Watch the Full Youtube Video Here âœ¨ https://t.co/MMNi1kXY5O

#Quarantine #DateIdeas #Cutecouple #Paintdate #Cheapdateideas #quarantinedate https://t.co/Ag6xdQW9o0"|2021-01-10 15:31:11
#Quarantine cooking isn't all instant #noodles and #sandwiches â€“ here's how it can be fun, #comforting and easy too https://t.co/ljNVe1n0IA|2021-01-10 15:30:06
"Yo Trane - Time &amp; Space 
 https://t.co/O3MApT0PNQ #playlist ğŸ’“ *Chill*

â˜ºï¸ Good morning yâ€™all.
#Quarantine  #StaySafe ğŸ˜·"|2021-01-10 15:28:54
Ok, but whoâ€™s taking the pictures? #Quarantine doesnâ€™t apply to media, I guess? https://t.co/Vlev4nO0Jf|2021-01-10 15:26:27
#Homebrew in #Asmara. At least 4 weeks until it's ready. Hopefully by then #COVID19 will be under control here and I can share within my #supportbubble. My week's #quarantine started Friday. https://t.co/woKhxmIVnP|2021-01-10 15:14:40
All schools in Sabah to close for two weeks after teacher dies from Covid-19, official says https://t.co/NLZVG0CnJR via @stcom #Quarantine #Coronavirus|2021-01-10 15:09:31
many people never seem to catch up to the clutter that accumulates - learn valuable home organizing skills - visit https://t.co/bCbpRTb3Xs for Declutter Life Coaching information #Quarantine #Style https://t.co/0nTDzCkUBS https://t.co/fj4T1Rw1Ci|2021-01-10 15:04:57
"@NetflixDE you really need to #upload more #videosğŸ˜­
#Quarantine gives us enough time to watch #movies and #series
We need mor on #netflix #pleaseğŸ˜ª"|2021-01-10 14:36:37
"#Italian #coronavirus #DIO #Italycoronavirus #Fear #Italiancovid #Epidemic #COVID2019 #Italy #Chiesa #coronavirusitalia #Pandemic #Vangelo #GesÃ¹ #Italycovid #Quarantine SARS-CoV-2 #Coronavirus #Cristo #COVID19 #SARSCoV2 #Cristianesimo #EU #Virus #Paura
https://t.co/Ex3BTc8czG https://t.co/KKHic4MyqY"|2021-01-10 14:32:00
The #musician gives us a peek into his #quarantine #playlist and the top 15 songs he's been #listening to on loop. https://t.co/7GszHvP5dr|2021-01-10 14:30:04
"ğŸ”« || The only violence I love is ingame, love the fun, rage and everything. Happy Gaming year everyone. || ğŸ”«

#mobilegaming #asus #rog3 #pubgmobile #pubgmobileindia #gamer #gaminglife #quarantine @ Pragathi Nagar https://t.co/kSfs1JgQQ4"|2021-01-10 14:29:05
goldendoodle #coronavirus #quarantine #quarantinelife #anklets #goldenretriever #family #fashionphotography #2020 #fashionable #travelphotography #goodvibes #openrp #art #healthyfood #handcrafted #hashtag https://t.co/wQhebAw74O|2021-01-10 14:27:33
learn about survival clothing that is most effective - are you prepared to survive a financial meltdown? - learn more about this BOOK at https://t.co/bCbpRTb3Xs #Sandiego #Quarantine https://t.co/PPEowNVJDX https://t.co/XZd3ogGJk9|2021-01-10 14:23:46
Check out Dead Rising #Quarantine One Clip  https://t.co/LOama1RoXW|2021-01-10 14:20:25
"ğŸŒ¸ğŸ¦ğŸŒ¼ğŸ§©ğŸ’®ğŸ ğŸ¦ğŸŒ¸ğŸ§©ğŸŒ¼ğŸ ğŸ’®
Over 100 Colorful Puzzles each available in 5 sizes for the entire family
#gifts #shoppingonline #quarantine #puzzle #games #onlineshopping
https://t.co/ajb1AwpJw2 https://t.co/9BaP7qHlkV"|2021-01-10 14:17:05
"#coronaupdates 

26,176 #IDF staff members received the first dose of the #CoronavirusVaccine today.

1,289 soldiers are currently sick with the virus, with 11,024 under #Quarantine restrictions."|2021-01-10 14:06:20
"S. Korea's highly #pathogenic bird flu cases rise to 51 #Birdflu #SouthKorea #Quarantine
https://t.co/8jMnBM3cew"|2021-01-10 14:04:38
Look at the bright side.... at least Trump is finally quarantining properly. #COVID19 #pandemic #Quarantine|2021-01-10 14:01:39
You know the best part about being an adult? Having the ability to eat ice cream in the morning without being scolded by your mom. #Quarantine|2021-01-10 14:00:35
"""Commotion at Mapanga Prison Training College where Malawian returnees from #SouthAfrica have gone riot demanding their passports back and immediate release to go to their homes. They are being quarantined there"" - reports Zodiak #Malawi #COVID19 #Quarantine https://t.co/mrEfPJFLkB"|2021-01-10 13:57:30
Young Tiger #Tarak Nominates #moviezupp https://t.co/P12CepHT5O #betherealman #challenge #jrntr #ntrjr #quarantine #rajamouli #tollywood|2021-01-10 13:50:52
While you're ready to throw 2020 in the dumpster, be sure to remember your #accomplishments. Start a list on your phone. Remember how you became an impromptu teacher? âœ… How you worked out during #quarantine? âœ… Keep the list close to you to remind yourself that you're a #badass! https://t.co/CPmLNNJCUG|2021-01-10 13:50:01
"[QUARANTINE DAY 1]
Must watch!!!
#Quarantine #COVID19 #recovery #lifestyle #life https://t.co/qo1Y8J9VlN"|2021-01-10 13:47:28
I tested positive for #COVID19  5days ago I'm very fortunate only having a sore throat&amp; loss of smell&amp;taste I've been in health care for 35yrs &amp; would much rather be working my 76hr a week shift than sitting at home in #quarantine This #sucks|2021-01-10 13:36:19
organize to know exactly what you own (down to the smallest items) - learn to organize and declutter your basement - visit https://t.co/bCbpRTb3Xs for Home Declutter Life Coaching information #Quarantine https://t.co/0nTDzCkUBS https://t.co/bnZdPvmNwm|2021-01-10 13:24:16
Honestly starting to go mad, canâ€™t wait to be out of quarantine and be able to leave the house ğŸ˜…ğŸ™ƒ #Quarantine|2021-01-10 13:17:01
"Suggest me a movie 

#Quarantine"|2021-01-10 13:16:43
#oralhistory #Quarantine Video of the Day! Art Mulligan, USMA 66, served as a field artillery officer in Germany &amp; Vietnam. He left the Army, but returned because he missed the camaraderie, serving in Admissions at West Point for most of his career. Watch: https://t.co/XAp1SEA1UZ https://t.co/hB4mXOH5cD|2021-01-10 13:04:04
"This is the COVID cure right here!

Help support our channel by subscribing, it's FREE!
https://t.co/iuzUSNHf6M

#pho #organic #microgreens #sprouts #covid #coronavirus #corona #stayhome #love #quarantine  #lockdown #staysafe #socialdistancing #pandemic #virus #stayathome #health https://t.co/ukbSXvDqo7"|2021-01-10 13:00:35
"Mindset Books: https://t.co/4KD4HfhL0q

Follow &gt; @MindMastership

#productivityhacks #businessgrowth #currentreads #quarantinereads #quarantine #selfquarantine #quarantineandchill #quarantined #selfisolate #socialhacks #workingfromhomehacks #dailyhacks #lifehacks #tippsandhacks https://t.co/b4na7AR6Lu"|2021-01-10 13:00:18
"the last supper!!! holiday starts in the morning!!  until then, pizza, wedges &amp; a coke! 
.
.
#caddieslife #quarantine #thailand @ Bangkok, Thailand https://t.co/0J236CXQxa"|2021-01-10 12:59:23
"Again, cutting through with clear messages
#Quarantine  vs
#Isolation https://t.co/csHl7QLiUR"|2021-01-10 12:35:38
Good explanation of #Quarantine v. #Isolation w regards to #COVID19 exposure  v. infection. ğŸ‘‡ğŸ½ @ShesOnCall https://t.co/TLXBUDuoid|2021-01-10 12:26:22
You can shop today at https://t.co/PsQfhRjAIf #swimsuits #shoes #quarantine #shirtsforsale #customshirts #buyblackowned #fashion #blackownedbusiness #blackoutday2020 #bikini #lingerie #supportblackbusinesses #masks #custommasks #covid19 #quarantine2020 #blackdollarsmatter https://t.co/QbHlp1EWmK|2021-01-10 12:26:12
"@VictorianCHO Yes indeed! 
Excellent explainer. 
Thanks very much Professor Sutton @VictorianCHO  
#Quarantine vs #Isolation
#Auspol #Springst
#Covid19Aus"|2021-01-10 12:24:05
"Love &amp; Best Dishes: Hearty Three Bean Salad Recipe: 
@Paula_Deen (January 10, 2021; 20:00 HKT) #QUARANTINElife #QUARANTINE #ISOLATION #LOCKDOWN2021 #LOCKDOWN3 #LOCKDOWN2 #COVID2021 #COVID21 #COVID20 #COVID2019 #COVID19"|2021-01-10 12:15:19
Getting ready for life used to look a whooooole lot differentğŸ¤£ #pandemiclife #quarantine #WearAMask #RPA #StreetStyle #jloxcoach â¦@JLoâ© â¦@Coachâ© #nyc https://t.co/bKMor5p2lE|2021-01-10 11:59:56
"Some 1,289 soldiers and workers in the #IDF were infected with the novel #coronavirus and 11,024 were in #quarantine as of Sunday morning.
https://t.co/qqd0hhXfD3"|2021-01-10 11:57:51
ğŸ“· I used to beâ€¦ â€¢ â€¢ â€¢ #fabriziostefan #fabriziostefanphotographer #selfie #quarantine #play #hero #gambit #neverstoptodream #freeyourmind #sonotornatomerde (presso Roma, Italia / Rome, Italy)... https://t.co/0KkURsHWuq|2021-01-10 11:45:14
"I used to be... 
â€¢
â€¢
â€¢
#fabriziostefan #fabriziostefanphotographer #selfie #quarantine #play #hero #gambit #neverstoptodream #freeyourmind #sonotornatomerde @ Roma, Italia / Rome, Italy https://t.co/g5ZAghfM2s"|2021-01-10 11:45:10
"Take a break with this two. Burp. 
#quarantine #stayathome #staysafe #covid19 #photography #vibe #athome  #selfportrait  #philippines  #cebu #pinoy #asianmen #asia #cebuano #pinoymen #altercebu #cebuph #sinulog2021 #sinulog #alter #altermanila #altervisayas #altermindanao #cebuph https://t.co/VSVpfmmIdt"|2021-01-10 11:44:33
I'am Covid-19 Fighter #Covid19 #Covid19Fighter #Quarantine #StayStrong #StaySafe #StayAtHome #Maeps #GangMaeps #WeAllInMaepsLikeFamily #MyStoriesMyMyMemories https://t.co/5mdQBSZuso|2021-01-10 11:14:36
"DAILY SNAPSHOT: Total Cases crossed the 1.65 million mark at 7:00 pm with over 14,800 cases reported across the region since our last update.

#TheASEANPost #ASEAN #PrayForASEAN #PrayForTheWorld #COVID19 #CoronaVirusOutbreak #CoronaVirus #Corona #StayHome #Quarantine #Lockdown https://t.co/U2M0nxQXn2"|2021-01-10 11:13:13
"Mindset Books: https://t.co/4KD4HfhL0q

Follow &gt; @MindMastership

#Charlesduhigg #businessgrowth #currentreads #quarantinereads #quarantine #selfquarantine #quarantineandchill #quarantined #selfisolate #socialhacks #workingfromhomehacks #dailyhacks #lifehacks #tippsandhacks https://t.co/lgvNESxtwh"|2021-01-10 11:00:15
I'am Covid-19 Fighter #Covid19 #Covid19Fighter #Quarantine #StayStrong #StaySafe #StayAtHome #Maeps #GangMaeps #WeAllInMaepsLikeFamily #MyStoriesMyMyMemories https://t.co/Oq40fvgGcX|2021-01-10 10:38:41
"Amazing!!!!!
$24.99
#mask #covid #facemask #masks #coronavirus #skincare #art #staysafe #masker #fashion #corona #beauty #love #stayhome #handmade #quarantine #makeup #photography #maskerwajah #socialdistancing #like #halloween #pandemic #cosplay #style 
https://t.co/kMNL7Fg5Dr"|2021-01-10 10:35:22
ğŸ‘‡ğŸ¼ğŸ§µfrom @VictorianCHO on #quarantine ğŸ†š #isolation https://t.co/fsqTYQA4zj|2021-01-10 10:32:00
Rest day feels #Quarantine|2021-01-10 10:05:07
Quaranthings: Reactor (me) reacting to reactors react to (insert films/series/etc). Closest to actual people watching. #notblogging #peoplewatching #quarantine https://t.co/YggCz1oRN8|2021-01-10 09:58:35
Coincidentally, my #COVID19 #Quarantine workout.|2021-01-10 09:54:00
"Hello :)
I am really pumped to share some of my sounds with you all. Do tell me what you think about it :)

#producer #fl #quarantine #beats #love #inspirational #music #indian #chill #song #hindi #english  

https://t.co/jd7FriqCQF"|2021-01-10 09:45:01
"ğŸŒ¸âœ‹ğŸŒ¼ğŸ˜·ğŸ’®ğŸ‘ğŸŒ¸ğŸ˜·ğŸŒ¼âœ‹ğŸ’®
#facemasks #facemasks4all
#gifts #shoppingonline #healthandsafety#onlineshopping #socialdistancing #Quarantine
CDC recommends the use of cloth face coverings to supplement social distancing in fight against spread of  #covid19
https://t.co/U3PLC00eep https://t.co/ZvnPU5HUrF"|2021-01-10 09:27:05
"ğŸŒ¸âœ‹ğŸŒ¼ğŸ˜·ğŸ’®ğŸ‘ğŸŒ¸ğŸ˜·ğŸŒ¼âœ‹ğŸ’®
#facemasks #facemasks4all
#gifts #shoppingonline #healthandsafety#onlineshopping #socialdistancing #Quarantine
CDC recommends the use of cloth face coverings to supplement social distancing in fight against spread of  #covid19
https://t.co/U3PLC00eep https://t.co/7YGm146lsV"|2021-01-10 09:11:04
When you are sitting on your balcony and you don't hear a single sound #nocars #quarantine|2021-01-10 09:00:51
"""Leaders are not, as we are often led to think, people who go along with huge crowds following them. Leaders are people who go their own way without caring, or even looking to see, whether anyone is following them.  John Holt #fashion #stocks #quarantine"|2021-01-10 08:54:05
Everyone is being treated like a prisoner. #Quarantine is another way of the #zombies to tell us where to be and what to be doing at any given time.#plandemic #drfauci #rockefeller #soros #gatesfoundation #thegreatreset #coronavirus is allowing them to do what the hell they want!|2021-01-10 08:52:42
"The generation born after 2020 should be called GenQ (The Quaranteen generation). Presumably born with couples spending more time together (in 2020) thanks to quarantines, lockdowns and travel bans. 
#GenQ #Quarantine"|2021-01-10 08:42:12
"Jan 10 2021.
Oppression.
#æ•£æ­© #walk #walking #takeawalk 
#photography #photo 
#åœ§è¿«æ„Ÿ #oppression #pressure #stress #power 
#staysafe #savelives #wearamask 
#quarantine https://t.co/ipQHeILMwy"|2021-01-10 08:35:44
"ğŸŒ¸âœ‹ğŸŒ¼ğŸ˜·ğŸ’®ğŸ‘ğŸŒ¸ğŸ˜·ğŸŒ¼âœ‹ğŸ’®
#facemasks #blue #kaleidoscope 
#gifts #shoppingonline #healthandsafety #onlineshopping #socialdistancing #Quarantine
CDC recommends the use of cloth face coverings to supplement social distancing in fight against spread of  #covid19
https://t.co/xgDXTq87iA https://t.co/NW10lWsFYa"|2021-01-10 08:18:04
I am getting deliciously closer to my #quarantine goal of organizing my digital photos. I believe I just finished my camera photos over 18 years. Now it's onto cell phone pictures, which unbelievably are fewer than digital camera photos. FYI here are donuts I got on 7.6.2020: https://t.co/726zBumUNP|2021-01-10 08:13:48
don't y'all just love jump scares.... #jumpscare #spooky #boo #horrorgame #edit #silly #zombie #letsplay #funnygame #scary #fyp #whoops #gamelife #ooo #wreck #wtfmemes #weirdgames #wtf #wtfmemes #quarantine #editor #explore #edit #edits #editing #resdentevil7 #resdentsofevil https://t.co/XaFIgw1HSD|2021-01-10 08:12:59
"I rented it tonight and, while I'm glad I did, I can confirm it 1) didn't come close to the hype and 2) was certainly NOT worth breaking #quarantine in a pandemic. I have a good setup so I also don't feel like I was missing the ""theater experience,"" either."|2021-01-10 08:12:16
"READY TO ATTACK!!! ğŸ¤£ğŸ¤£ğŸ¤£ Lunch today is dal chawal, spicy prawn masala and sirke wale Pyaaz ğŸ’› what's on your lunch plate today?

#lockdown #Quarantine #indianfood @ Mumbai, Maharashtra https://t.co/YAayuZ4mKf"|2021-01-10 08:08:18
"21 Days Challenge
#21days #Challenge #Happiness #Gratitude #Declutter #Motivation #Lifestyle #Health #Healthylifestyle #happyliving #newhabit #life #Productivity #21dayschallenge #stayhome #staysafe #quarantine #isolation https://t.co/HviZAowaY6 https://t.co/Y3RTI58gsi"|2021-01-10 08:07:29
"ğŸ’‹Havenâ€™t been traveling lately, but thrilled to take my annual trip around the sun â˜€ï¸ today! Reaching for the stars âœ¨on this final year of my 40s! #49 #Quarantine #Jenean ğŸ¥³
#birthday #celebrate #love https://t.co/5YF5jOwO9D"|2021-01-10 08:02:04
Just as @AlexInAir keeps reiterating, with #testing and #quarantine systems in place, #flight operations must go on. In a globalized world, countries cannot keep flights suspended forever. Great work by teams at @BLRAirport ! #ukstrain #AvGeek #london #aviation #India #Bengaluru https://t.co/cSjVu1aA2T|2021-01-10 07:56:42
"Miss working out at gym during quarantine? Don't worry we got your covered!ğŸ‹ğŸ¼â€â™€ï¸
Soon you'll be able to rent any fitness equipment with tap of a button!

#sharingeconomy #rentals #sidehustle #sustainability #sharingiscaring #wanderlust #fitness #fitnessequipment #workout #quarantine https://t.co/1dpoZd8NAt"|2021-01-10 07:55:28
folklore x evermore. #quarantine|2021-01-10 07:52:40
The #Delhi #government on #Friday announced that all #passengers arriving in the #Capital from the #UnitedKingdom will have to undergo a seven-day #institutional #quarantine followed by a seven-day home #quarantine even if they #test #negative for #COVID-19 on arrival https://t.co/X2RZGnr30t|2021-01-10 07:50:37
@EVERALDATLARGE We had Peel Island in Moreton Bay till they cured leprosy. Then a #Quarantine  station at Manly Heads.  Only a lack of imagination would think we wouldn't need one again.|2021-01-10 07:47:59
"Concerned about symptoms or exposure?

IMMEDIATELY:
âœ…Mask
âœ…Isolate
âœ…Quarantine
âœ…Test

#ProtectYou #ProtectOthers #ProtectYourCommunity #MaskUp #StaySafe #Covid-19 #Mask #Isolate #Quarantine #Test https://t.co/Ni0Du1BI79"|2021-01-10 07:42:50
"Weeeeekeeeeend!!!! 
#Quarantine #Olympics la Bangkok, Thailand https://t.co/15GPzWLnOt"|2021-01-10 07:32:57
The easy seven step recipe to ditch your #quarantine gloom : Brown Butter #Madeleines With #DarkChocolate Ganache &amp; #Almond Sprinkles https://t.co/YYQHyCozkF|2021-01-10 07:30:06
Day 1 of 7. #quarantine #evermorealbum https://t.co/OLvNygmrk6|2021-01-10 07:27:40
"#India Agree To Play In #Brisbane, But #BCCI Has Conditions

#AUSvIND #INDvAUS #Cricket #Gabba #Quarantine #COVID19 #Australia #India

https://t.co/dknYs97pfm"|2021-01-10 07:17:41
When we miss home and there's a flight we wish we could get on. @FijiAirways #Covid19 #Islandlife #repatriation #quarantine #NewNormal ğŸ‡°ğŸ‡®ğŸ‡«ğŸ‡¯ https://t.co/RhA4hIyWF1|2021-01-10 07:16:18
No Matter WHAT YOUR AGE, Become A #Developer, Starting Today! Building a successful path to your future is not hard, but first, you'll need to learn a new language! It is easier than you think! #html #python #quarantine #quarantinelife #java #javascript https://t.co/Uuy6hlO3bw|2021-01-10 07:13:26
"Flexing. LolğŸ¤£
#quarantine #stayathome #staysafe #covid19 #photography #vibe #athome  #selfportrait  #philippines  #cebu #pinoy #asianmen #asia #cebuano #pinoymen #altercebu #cebuph #sinulog2021 #sinulog #alter #altermanila #altervisayas #altermindanao #cebuph https://t.co/F6I51JByzm"|2021-01-10 07:11:04
"Before #Quarantine 
------------
#nightlife #Coffee #CoffeeLover #CoffeeTalk #outside https://t.co/knameaq6XO"|2021-01-10 07:08:48
#Congratulations ğŸ‰ğŸ¾ğŸŠğŸˆ to the winners of weekly #competition at #iswimstat, and #stayhome #stayhealthy during #covid 19 #coronavid19 ğŸ¦  #quarantine, looking forward for better times and more swimmers joining âš¡ï¸ğŸŠâš¡ï¸ https://t.co/8J72C9ur4w|2021-01-10 07:04:50
"When they hit you up with
""Got the vaccine""
.
.
.
#sketch #comic #creative #drawing #cartoon #quarentine #doodle #relatable #sexpositivity #quarantine #like #follow #datenight #favorite #animator #illustration #baby #art #single #sexy #selflove #corona #vaccine https://t.co/zvZ3pE05dk"|2021-01-10 06:43:41
"@RKO94791865 @YvetteDAth @BigVapingNunga @GregHuntMP All migrant/refugee detention centres need to be converted for #Quarantine and new facilities built in isolated proximity to international airports and marine ports (outside cbd zones) with dedicated government health and security staff (not outsourced).

#coronavirus #auspol"|2021-01-10 06:41:31
Running a sale on over half of the styles in my shop! Hop on over and get yourself a new #journal. Write about #quarantine, your #NewYearsResolution, or maybe the #AttemptedCoup? #Sale https://t.co/6hpgc8XGRP https://t.co/D3MIP7Mn3a|2021-01-10 06:31:23
DetailsğŸ˜ #pakistaniweddings #indianwedding #bridal #couture @kreshabajajofficial #fashion #instafashion #mehndi #henna #wedding #shaadi #marriage #pakistan #lahore #desi #outfit #jewelry #follow #karachi #pakistani #potd #ootd #reception #quarantine #walima #baraat #islamabad https://t.co/CGDqrT3Ese|2021-01-10 06:30:59
"Quarantine Day 287: Black No. 16
.
#Saltillo #Coahuila #Mexico #HomeTown #HomeSweetHome #COVID19Mexico #COVID19 #Coronavirus #Quarantine #QuarantineMexico #Cuarentena #CuarentenaMexico #QuedateEnCasa #StayAtHome https://t.co/FRT24pjXA4"|2021-01-10 06:27:53
"Thailand Covid19 Business Travel &amp; Investigations Update 10012021 https://t.co/wKEgeAtHrI via @YouTube 
#thailand #covid19 #bangkok #phuket #airlines #travel #pandemic #quarantine #investigations #business #singapore #hongkong #tokyo #coronavirus #UKlockdown #Masks #vaccine"|2021-01-10 06:14:36
"ğŸ“ŒğŸ–¤ ğŸƒâ€â™€ï¸â­ğŸ’ª
My lunch ğŸ¥—ğŸ±. 
ğŸ‹ğŸš´ğŸ’ª
#workoutmotivation
#training #bodybuilding #quarantine #health #body #stayhome #love #healthy #like #life https://t.co/GwlUEsLE94"|2021-01-10 05:59:10
"Ifyou got time on your hands then give this a click! Due to pop off majorly.ğŸ”ŠğŸ”Š

https://t.co/MyBUeXxgg6

#SoundCloud #music #Quarantine #Comeupwithmusic #artist #support"|2021-01-10 05:53:16
During #lockdowns #stayathome #quarantine or #griddown it's helpful to have non-electronic game options. Tonight we played Tummple! #prepper #beprepared https://t.co/nn8eBMziNm|2021-01-10 05:31:49
Eerily plausibleğŸ¤” #quarantine #birthday https://t.co/u8MhVg6W3S|2021-01-10 05:27:11
"over a million infections in UK....nearly 400,000 deaths in USA

Success in handling #Covid_19 in Australia measured in #AgeCare , #RubyPrincess &amp; #Quarantine DEATHS , All @ScottMorrisonMP Federal Responsibility

Premiers Closing Borders Proving To be The Best Health Protection https://t.co/Vwk3FDFUCB"|2021-01-10 05:15:19
"By the by. my wife cut my hair today. 

#Quarantine 
#Brushcut https://t.co/mm5TRGpy6n"|2021-01-10 05:14:10
Your #Quarantine #MovieList: LATE PHASES (2014)  â— My review â–º https://t.co/xRkJjsXylP  â— #LatePhases #MutantFam|2021-01-10 05:11:00
Day 186: Did some errands and saw The King of Staten Island. Not a bad Saturday in quarantine. #quarantinesaturday #quarantine @ Hudson Heights, Manhattan https://t.co/fJOWVo6I9A|2021-01-10 05:10:33
"For realz!!!

#covid_19 #quarantine #capitol #protest #masks #6feetapart #socialdistancing #newyearsresolution @ Planet Earth https://t.co/UVHh3bBL91"|2021-01-10 05:03:30
"ğŸŒ¸âœ‹ğŸŒ¼ğŸ˜·ğŸ’®ğŸ‘ğŸŒ¸ğŸ˜·ğŸŒ¼âœ‹ğŸ’®
#facemasks #peacesymbol #hearts
#gifts #shoppingonline #healthandsafety #onlineshopping #socialdistancing #Quarantine
CDC recommends the use of cloth face coverings to supplement social distancing in fight against spread of  #covid19
https://t.co/xgDXTq87iA https://t.co/kcMesYCPXN"|2021-01-10 05:03:04
#coronakrise â—‡ Week 43: jumbotron footage of #NBA players heading into #quarantine after being tagged by the league's health + safety protocols this weekend. #NBATwitter https://t.co/pFE1yt9qvE|2021-01-10 05:00:28
Excited to share the latest addition to my #etsy shop: Valentineâ€™s Day Quarantine White T-shirts #valentinesday #Quarantine #maskshirt #bemine #etsyshop #etsyseller https://t.co/wL5FwrE9go https://t.co/9Yaw3Lsqa2|2021-01-10 04:58:44
"FRAUD ALERT: Please be careful and report to @mumbaipolice @CPMumbaiPolice 
@MahaCyber1 
@mybmc 
@MNCDFbombay 

#vaccine #covid #coronavirus #pandemic #health #corona #vaccines #vaccination #virus #medicine #lockdown #india #science #quarantine #news https://t.co/xSLi0uFDkK"|2021-01-10 04:53:12
No One Really Cares For A Recap https://t.co/uwx7THvVUg #quarantine #recap #newcharacters #sameplot|2021-01-10 04:44:24
"#Hakeem #Tested #PositiveğŸ¦ 

Sri Lanka #Muslim #Congress(#SLMC) leader and Member of #Parliament @Rauff_Hakeem tested positive for #covid19. Hakeem request the people to undergo with #quarantine who met him on last 10 day and he twitted about this earlier today
#srilanka #lanka https://t.co/zI2DgGvZ8r https://t.co/3kLsJnddEv"|2021-01-10 04:39:42
Wanna know something ironic? I actually use one of Hannibalâ€™s tricks for staying calm/stability. The one that goes ( my name is â€”â€” itâ€™s (time) in (place) and I am alive) A hot cannibal is my actually therapist ğŸ‘€ğŸ”ªğŸ¥µğŸ˜Š #PTSD #FANNIBALFAMILYFOREVER #Hannibal #Hannigram #Quarantine|2021-01-10 04:34:40
Been home sick with Covid for three week now. Ive run out of shows to watch. I need suggestions! already watched the boys, umbrella academy, man in the high tower, the crown, QG, Bridgerton, outlander, Dexter, Mandalorian, #COVID19 #Quarantine #Netflix|2021-01-10 04:28:46
"Results are not back just yet.  Papa is expecting to #discharge in the AM. We are #quarantine until further notice.  This year is off to a hell of a start.
#COVID19"|2021-01-10 04:26:14
Prepare for the End of #Quarantine in 7 Steps https://t.co/xhqYf20yW1 #coronavirus #covid|2021-01-10 04:24:54
@CaroDiRusso @impossible_cut Imagine if #Australia had closed its national border earlier? No state border closures required, no #covid19 #coronavirus cases &amp; life back to normal! #hotelquarrantine was proven to be inadequate &amp; ineffective. A dedicated #quarantine facility away from populated areas is needed|2021-01-10 04:24:17
"People joke today about #BigTechCensorship like we all did the first two weeks of #COVID19 #quarantine.

But, make no mistake - it's going to get really fucked up, really fast.

#liberty #freedom #Constitution"|2021-01-10 04:20:05
"""And no resident will say:'I am sick'""(Isa.33:24)God will does eliminate all the sickness https://t.co/rC4TUkjyEo? See the video What Is God's Kingdom? in https://t.co/uBTzsXUgFa #COVID19 #Coronavirus #pandemic #covid_19 #quarantine #isolation #Vaccinations #Vaccination https://t.co/AwkrLCDjw7"|2021-01-10 04:13:19
I have been in quarantine so long that I just sprayed on some perfume to return a package from Amazon to my neighbor #quarantine  #lockdown2021|2021-01-10 04:10:15
"ğŸŒ¸14 Days Self Quarantine Plan ğŸŒ¸

ğŸ‘Japanese coming back home! 
ğŸ‘Visitors coming into Japan!

Reservationã€€ğŸ‘‰https://t.co/w3LTaw8TJ6

Contact us by email or phone call for more information regarding reservation. 

#sakurahotelikebukuro #quarantine #tokyo  #2021 #Japan https://t.co/TGssRSIwXm"|2021-01-10 04:08:00
Who else is dancing at home? #quarantine #thingswellremember|2021-01-10 03:37:53
"Part 1
#fight #fights #girlfight #girlfights #worldstar #worldstarfight #hoodfight #streetfight #Quarantine #QuarantineAndChill https://t.co/gmrRcsnC7x"|2021-01-10 03:26:28
"Give yourself up front protection with Regalâ€™s Level 1 Surgical Mask.

#covid #covid19 #mask #surgical #facemask #staysafe #quarantine #facemasksforsale #onsale #discount #shoponline #coupon #buynow #deals #lp7discount #sale #unitedstates #usa #america https://t.co/hAAHXNK4zp"|2021-01-10 03:21:29
"Give yourself up front protection with Regalâ€™s Level 1 Surgical Mask.

#covid #covid19 #mask #surgical #facemask #staysafe #quarantine #facemasksforsale #onsale #discount #shoponline #coupon #buynow #deals #lp7discount #sale #unitedstates #usa #america https://t.co/TcdMlwdU4z"|2021-01-10 03:21:27
"Give yourself up front protection with Regalâ€™s Level 1 Surgical Mask.

#covid #covid19 #mask #surgical #facemask #staysafe #quarantine #facemasksforsale #onsale #discount #shoponline #coupon #buynow #deals #lp7discount #sale #unitedstates #usa #america https://t.co/thDmjPStL1"|2021-01-10 03:21:26
Wonder what pornhub subscriptions  numbers are like  #quarantine|2021-01-10 03:20:38
This was in 2018.  #vaccine #censorship #Quarantine #mask https://t.co/D5f34pziWA|2021-01-10 03:14:49
"So many Aussies still trying desperately to come home - canâ€™t we INCREASE numbers returning to Australia AND make #Quarantine safe for everyone 
Where is the NATIONAL leadership?
 #strandedAussies #PrimeMinister #scomo #MIA #SummerHoliday #COVID19Aus #WearAMask https://t.co/OQaSeKKDno"|2021-01-10 03:11:33
"After 10 months of #Quarantine indulgence, I may need to turn on the #basementlight instead

 #thecovid19 https://t.co/4RU4KUFTNb"|2021-01-10 03:03:37
"#Psychological Effects on Health Science Students After Implementation of #COVID19 #Quarantine and Distance Learning in Saudi Arabia
https://t.co/hXgqVFcwDx
#publichealth #medtwitter #psych #psychology #foamed #meded @SQanash, @AlhusayniF, @shereenAlEmam1, @Emw909, @HaniMufti https://t.co/7X4bXe8WeA"|2021-01-10 03:01:01
"Just woke up. ğŸ˜‰
#quarantine #stayathome #staysafe #covid19 #photography #vibe #athome  #selfportrait  #philippines  #cebu #pinoy #asianmen #asia #cebuano #pinoymen #altercebu #cebuph #sinulog2021 #sinulog #alter #altermanila #altervisayas #altermindanao #cebuph"|2021-01-10 02:58:41
"When you're in #COVID #quarantine, you start having the strangest thoughts. Like, why doesn't ""Sean Bean"" rhyme? ğŸ¤” #quarantinethoughts"|2021-01-10 02:42:29
So my fellow Doom player is just simply saying that he doesn't have the clearance and forgets. #Quarantine #PS4share https://t.co/QzQOQWbK1M|2021-01-10 02:35:21
Please also a national #quarantine #facility. We could integrate #refugees and teach them English etc and STILL #fund this! #auspol https://t.co/zFHSmi7OLH|2021-01-10 02:34:29
ZERO new #covid19 community cases #Victoria, SIX in #quarantine incl 1 aircrew. Emphasises incoming travellers &amp; any laxity in stringency of quarantine protocols/practices as key threat. THREE community cases #NSW plus THREE in quarantine. ZERO #Queensland https://t.co/sQ4chsOOUe|2021-01-10 02:30:34
@AndrewYang Yes please connect me.  I'm a #SingleMom of 3 #specialneeds kids plus #caregiver to â™¿ mom and grandpa with dementia.  Recently homeless.  #PUA is up.  No #PUA since Nov.  All in #Quarantine . Papa is admitted w/ #Pneumonia #COVID19 . Crisis.|2021-01-10 02:25:08
Just your standard Saturday night #quarantine family #dungeonsanddragons game. #nerds #covid_19 @ Glendale, Missouri https://t.co/KlsJd2gJbF|2021-01-10 02:12:35
"May your joy be a blessing and your blessings be your joy. - Jes 

#quotes #quarantine #quotestagram #alive https://t.co/PD2krUjvON"|2021-01-10 02:10:43
"The Police arrested @KarlDockstader at #1492LandBackLane and this fucking guy was actually let back into the country... He only had to #quarantine for 14 days. After admitting to being at the #CapitolBuilding 

SMGDH

@rcmpgrcpolice @OPP @FBI https://t.co/l87MydyyK9"|2021-01-10 02:02:32
#KeeanBexte careful man, #Trudeau has his spies on ya, do the #quarantine or big fines or jail-time|2021-01-10 01:59:02
"#COVID19Korea stats today (new cases in 16 regions): 

665 new cases (631â†—ï¸ local) 
Total 68,664
. Isolated 17,130â†˜ï¸
. Discharged 50,409
. Dead 1,125 (+25) 

Origin: 
Inbound #quarantine +14 (2,546)
#Sudogwon +413, 400â†˜ï¸ local
(#Seoul +187, #Gyeonggido +193, #Incheon +33) https://t.co/T7tC5rn22k"|2021-01-10 01:57:34
"ğŸŒ¸ğŸ¦ğŸŒ¼ğŸ§©ğŸ’®ğŸ ğŸ¦ğŸŒ¸ğŸ§©ğŸŒ¼ğŸ ğŸ’®
Over 100 Colorful Puzzles each available in 5 sizes for the entire family
#gifts #shoppingonline #quarantine #puzzle #games #onlineshopping
https://t.co/0Jnn8hSOsf https://t.co/iMKijQkAy3"|2021-01-10 01:33:06
New lights. Making staying at home alone a little more magical. #lights #curtainlights #christmaslights #stayhome #staysafe #quarantinelife #quarantine @ West Hollywood, California https://t.co/fchzPYOZTz|2021-01-10 01:25:30
Crispy Leaf Potatoes #quarantine #COVID19 #QCWH #sogood #yummy #Potatoes #homemade #madebymom https://t.co/kOKY3Fskrx|2021-01-10 01:15:02
"ğŸ’ A TREE IS PLANTED WITH EVERY ORDER $100+ ğŸ’
ğŸ’BUY NOW @ https://t.co/CLU89n74oK ğŸ’
ğŸ’#QUARANTINE - Unisex Heavy Blendâ„¢ Hooded Sweatshirt @ $49.00 ğŸ’
ğŸ’https://t.co/5ryT1aUejK  ğŸ’ https://t.co/XlqeCJmTq0"|2021-01-10 01:02:22
"@roinnslainte @CillianDeGascun Dont wait 4 it 2 up-end BILLIONS spent on vaccines,research&amp;logistics!

SEAL ALL PORTS 4 NON-EU ARRIVALS!

Implement #Quarantine Coach fleet to #QuarantineHotels

Assign specific coaches to each flight (dont mix flights)

Release *essential* workers after 7day testing schedule"|2021-01-10 00:51:28
Touchdown! Robert woods!  Rams are beating the Seahawks , 30-13 in this NFC wildcard game.   #truestory  #rams  #seahawks  #nfcwildcardgame  #coronavirus   #quarantine|2021-01-10 00:49:25
During #Quarantine my boy and I started making music in my kitchen. We started a @SoundCloud page and today we have a combined total of over 1,000 plays on our songs. Itâ€™s not much but considering most of the plays come from strangers and not friends itâ€™s something Iâ€™m very proud|2021-01-10 00:46:35
"ğŸŒ¸âœ‹ğŸŒ¼ğŸ˜·ğŸ’®ğŸ‘ğŸŒ¸ğŸ˜·ğŸŒ¼âœ‹ğŸ’®
#facemasks #facemasks4all
#gifts #shoppingonline #healthandsafety #onlineshopping #socialdistancing #Quarantine
CDC recommends the use of cloth face coverings to supplement social distancing in fight against spread of  #covid19
https://t.co/U3PLC00eep https://t.co/01Tnb10TQl"|2021-01-10 00:41:03
"On SLO Co. FD dispatch I am hearing one medical aid call after another that is described as â€œmeets the criteriaâ€ and there is very little flu going around soo.....
#Coronavirus #COVID19 #Pandemic #Quarantine"|2021-01-10 00:39:59
"Quote of the day.  #womensempowerment  #womensrights

#dogoodfeelgood #goodthingshappen #dgb #dogoodbus #discussbus #community #awareness #volunteer #grateful #giveback #losangeles #california #quarantine #love #heal #dogeared #dogoodhumans #dogood #charity #nonprofit https://t.co/8QRov1hVEv"|2021-01-10 00:34:13
@AussieStu83 @nswpolice @GladysB Please donate the $200 every day towards #quarantine #healthcare &amp; other essential staff to acquire adequate #PPE for aerosol transmission of #CPVID19 still being denied by government experts #ICEG @CollignonPeter|2021-01-10 00:33:53
With #quarantine still in place, this winter may seem like itâ€™s shaping up to be a rough one. Here are @mariaaa11xoxâ€™s suggestions for how not to let the weather get the best of you: https://t.co/XdIJBshEBf|2021-01-10 00:29:00
Chabel is excitingly waiting for Brady to bring home pizzas from @thechateauMA. Then it's an exciting night watching #obsesessedwiththebabysitter on #lifetime. We have watched every lifetime movie during #Quarantine .  #husbandandwife #saturdayfun #momlife #doggo https://t.co/oQkCfmbb18|2021-01-10 00:27:47
Colour of life. #Quarantine|2021-01-10 00:27:43
Yer one the protects you...rather then #scottyneverhelped #RubyPrincess #AgeCare #Quarantine #scottyneverhelped #RubyPrincess #AgeCare #Qarintine shirked his responsibilities that killed ppl https://t.co/j2HjD78Kjs|2021-01-10 00:27:38
Canâ€™t wait for the pandemic to end so I can go to bars and restaurants and complain about the crowds and lack of seating and wish Iâ€™d stayed home. #coronavirus #COVID19 #covid #lockdown #Quarantine|2021-01-10 00:26:56
"Hair in #Quarantine 
A little glow up https://t.co/NTuIDuVhlC"|2021-01-10 00:25:59
"ğŸ“£ New Podcast! ""Bringin' It Back 190920 - Dj Big Kahuna presents the SoIsolated playlist"" on @Spreaker #bigkahuna #bringinitback #covid #covid19 #covidplaylist #djbigkahuna #isolated #isolatedplaylist #isolation #quarantine #sick #soisolated #swr999 https://t.co/3y8KQdp5Oy"|2021-01-10 00:23:56
At least I can watch football while Iâ€™m stuck inside to keep me sane ğŸˆ #SuperWildCardWeekend #Quarantine #Quebec|2021-01-10 00:23:48
ğŸ‘‡ğŸ¼workers in ğŸ¨#quarantine âœˆï¸and all #healthcare settings need industrial #PPE with fit-tested N95s â•#ventilation &amp; other #airborne controls are essential to protect them â•all Australians ğŸ‡¦ğŸ‡º#COVID19Aus https://t.co/eGjdJ1hIjO|2021-01-10 00:16:41
I tell u what @jalenramsey is absolutely worth every penny, that kid is crazy good, HOF 4 sure, lock down corner isn't even a good definition of him MAYBE he should be a #quarantine corner.  it's more like No chance don't try #LARvsSEA #SuperWildCard #NFL #NFLPlayoffs #HOF|2021-01-10 00:08:59
"Costume for your cat ğŸ±
Check out:
https://t.co/JmGxYqM9sC
ğŸ±ğŸ±ğŸ±ğŸ±ğŸ±ğŸ±ğŸ±ğŸ±ğŸ±
#cats #CatsOfTwitter #Caturday #CatsOnTwitter #catsofinstagram #CatholicTwitter #CuteCat #cute #funny #funnycats #cosplay #lockdown #QuarantineLife #Quarantine #QuarantineCats #cutenessOVERLOAD https://t.co/arLfCHKkqX"|2021-01-10 00:05:20
"Anyone remember those hospitals China built right at the start of the pandemic?
How long has Morrison had to fix this friggin problem?
#Quarantine https://t.co/dcoQiWjgco"|2021-01-10 00:04:35
"Mindset Books: https://t.co/4KD4HfhL0q

Follow &gt; @MindMastership

#productivityhacks #businessgrowth #currentreads #quarantinereads #quarantine #selfquarantine #quarantineandchill #quarantined #selfisolate #socialhacks #workingfromhomehacks #dailyhacks #lifehacks #tippsandhacks https://t.co/y2SkKe8WPV"|2021-01-10 00:00:07
